Parts,Package,Package Size,Configuration Type,Feature,Number of Lines,VRWM MAX (V),Cj (Typ) (pF),IPP (A) at 8/20Âµsec,VClamp (V) at Ipp 8/20Âµsec,VBR (Min)(V),IEC61000-4-2 (ESD) contact discharge,IEC61000-4-2 (ESD) air discharge, Working Voltage, Interface
"RClamp03348P","DFN3810-9","3.8 x 1.0 x 0.5","Array","Low capacitance","8","3.30","0.20","3.80","9.00","0.00","14","16","1V - 3.6V",""
"RClamp03371P","DFN1006-2","1.0 x 0.6 x 0.55","Bidirectional","Low capacitance","1","3.30","0.23","6.00","6.00","3.90","8","20","1V - 3.6V","Ethernet"
"uClamp5591P","DFN1006-2","1.0 x 0.6 x 0.55","Bidirectional","General purpose ESD protection","1","5.50","40.00","20.00","11.50","6.00","20","20","4V - 5.5V","VBUS"
"EClamp0501T","DFN1006-3","1.0 x 0.6 x 0.4","Filter","ESD & EMI filter devices","1","5.00","12.00","2.00","0.00","0.00","12","17","4V - 5.5V",""
"EClamp0504T","DFN2116-8","2.1 x 1.6 x 0.4","Filter","ESD & EMI filter devices","4","5.00","12.00","2.00","0.00","6.00","12","17","4V - 5.5V",""
"EClamp10012PQ","DFN2010-5","2.0 x 1.0 x 0.6","Bidirectional","Automotive","2","30.00","1.20","3.00","25.00","105.00","12","17","13V - 33V","Automotive Ethernet"
"EClamp2122S","SOT23-6","2.9 x 2.8 x 1.45","Filter","General purpose ESD protection","2","5.25","30.00","3.00","11.00","6.00","20","25","4V - 5.5V",""
"EClamp2342N","DFN3030-16","3.0 x 3.0 x 1.0","Filter","ESD & EMI filter devices","8","5.00","12.00","0.00","0.00","0.00","12","17","4V - 5.5V",""
"EClamp2357NQ","DFN3030-16","3.0 x 3.0 x 1.0","Filter","Automotive","6","5.00","12.00","1.50","9.00","6.00","12","20","4V - 5.5V","Automotive High Speed"
"EClamp2374K","DFN1713-8","1.7 x 1.3 x 0.5","Filter","ESD & EMI filter devices","4","5.00","11.00","0.00","0.00","0.00","12","17","4V - 5.5V",""
"EClamp2374KQ","DFN1713-8","1.7 x 1.3 x 0.5","Filter","Automotive","4","5.00","11.00","1.50","9.30","6.00","12","17","4V - 5.5V","Automotive High Speed"
"EClamp2374P","DFN2116-8","2.1 x 1.6 x 0.58","Filter","ESD & EMI filter devices","4","5.00","11.00","0.00","0.00","6.00","12","17","4V - 5.5V",""
"EClamp2376K","DFN2513-12","2.5 x 1.3 x 0.5","Filter","ESD & EMI filter devices","6","5.00","11.00","0.00","0.00","6.00","12","17","4V - 5.5V",""
"EClamp2376P","DFN3016-12","3.0 x 1.6 x 0.58","Filter","ESD & EMI filter devices","6","5.00","11.00","0.00","0.00","6.00","12","17","4V - 5.5V",""
"EClamp2378K","DFN3313-16","3.3 x 1.3 x 0.5","Filter","ESD & EMI filter devices","8","5.00","11.00","0.00","0.00","0.00","12","17","4V - 5.5V",""
"EClamp2378P","DFN4016-16","4.0 x 1.6 x 0.58","Filter","ESD & EMI filter devices","8","5.00","11.00","0.00","0.00","0.00","12","17","4V - 5.5V",""
"EClamp2384K","DFN1713-8","1.7 x 1.3 x 0.5","Filter","ESD & EMI filter devices","4","5.00","12.00","0.00","0.00","0.00","12","17","4V - 5.5V",""
"EClamp2384P","DFN2116-8","2.1 x 1.6 x 0.58","Filter","ESD & EMI filter devices","4","5.00","12.00","0.00","0.00","0.00","12","17","4V - 5.5V",""
"EClamp2386K","DFN2513-12","2.5 x 1.3 x 0.5","Filter","ESD & EMI filter devices","6","5.00","12.00","0.00","0.00","0.00","12","17","4V - 5.5V",""
"EClamp2386P","DFN3016-12","3.0 x 1.6 x 0.58","Filter","ESD & EMI filter devices","6","5.00","12.00","0.00","0.00","0.00","12","17","4V - 5.5V",""
"EClamp2388K","DFN3313-16","3.3 x 1.3 x 0.5","Filter","ESD & EMI filter devices","8","5.00","12.00","0.00","0.00","0.00","12","17","4V - 5.5V",""
"EClamp2388P","DFN4016-16","4.0 x 1.6 x 0.58","Filter","ESD & EMI filter devices","8","5.00","12.00","0.00","0.00","0.00","12","17","4V - 5.5V",""
"EClamp2394P","DFN2116-8","2.1 x 1.6 x 0.58","Filter","ESD & EMI filter devices","4","5.00","12.00","0.00","0.00","0.00","15","20","4V - 5.5V",""
"EClamp2396P","DFN3016-12","3.0 x 1.6 x 0.58","Filter","ESD & EMI filter devices","6","5.00","12.00","0.00","0.00","6.00","15","20","4V - 5.5V",""
"EClamp2398P","DFN4016-16","4.0 x 1.6 x 0.58","Filter","ESD & EMI filter devices","8","5.00","12.00","0.00","0.00","0.00","15","20","4V - 5.5V",""
"EClamp2410P","DFN4016-16","4.0 x 1.6 x 0.58","Filter","ESD & EMI filter devices","6","5.00","12.00","0.00","0.00","0.00","12","17","4V - 5.5V",""
"EClamp2410PQ","DFN4016-16","4.0 x 1.6 x 0.58","Filter","Automotive","6","5.00","12.00","1.50","9.50","6.00","12","17","4V - 5.5V",""
"EClamp2454P","DFN2116-8","2.1 x 1.6 x 0.58","Filter","ESD & EMI filter devices","4","5.00","12.00","0.00","0.00","0.00","15","20","4V - 5.5V",""
"EClamp2455K","DFN1713-8","1.7 x 1.3 x 0.5","Filter","ESD & EMI filter devices","4","5.00","20.00","0.00","0.00","0.00","12","18","4V - 5.5V",""
"EClamp2455P","DFN2116-8","2.1 x 1.6 x 0.58","Filter","ESD & EMI filter devices","4","5.00","20.00","0.00","0.00","0.00","12","18","4V - 5.5V",""
"EClamp2456P","DFN3016-12","3.0 x 1.6 x 0.58","Filter","ESD & EMI filter devices","6","5.00","12.00","0.00","0.00","0.00","15","20","4V - 5.5V",""
"EClamp2457K","DFN1713-8","1.7 x 1.3 x 0.5","Filter","ESD & EMI filter devices","4","5.00","20.00","0.00","0.00","6.00","17","30","4V - 5.5V",""
"EClamp2458P","DFN4016-16","4.0 x 1.6 x 0.58","Filter","ESD & EMI filter devices","8","5.00","12.00","0.00","0.00","0.00","15","20","4V - 5.5V",""
"EClamp2465T","DFN1713-8","1.7 x 1.3 x 0.4","Filter","ESD & EMI filter devices","4","5.00","10.00","0.00","0.00","0.00","10","18","4V - 5.5V",""
"EClamp2485T","DFN1713-8","1.7 x 1.3 x 0.4","Filter","ESD & EMI filter devices","4","5.00","12.00","0.00","0.00","0.00","12","12","4V - 5.5V",""
"EClamp2504K","DFN1713-8","1.7 x 1.3 x 0.5","Filter","ESD & EMI filter devices","4","5.00","12.00","0.00","0.00","0.00","15","20","4V - 5.5V",""
"EClamp2508K","DFN3313-16","3.3 x 1.3 x 0.5","Filter","ESD & EMI filter devices","8","5.00","12.00","0.00","0.00","0.00","15","20","4V - 5.5V",""
"EClamp2510K","DFN3313-16","3.3 x 1.3 x 0.5","Filter","ESD & EMI filter devices","7","5.00","9.00","0.00","0.00","0.00","12","0","4V - 5.5V",""
"EClamp2515K","DFN3313-16","3.3 x 1.3 x 0.5","Filter","ESD & EMI filter devices","7","5.00","12.00","0.00","0.00","0.00","12","0","4V - 5.5V",""
"EClamp2522P","DFN1616-6","1.6 x 1.6 x 0.6","Filter","ESD & EMI filter devices","3","5.50","40.00","0.00","0.00","0.00","12","17","4V - 5.5V",""
"EClamp5033ZA","DFN0603-2","0.6 x 0.3 x 0.25","TVS RF Decoupling","ESD & EMI filter devices","1","5.00","33.00","2.00","12.50","0.00","18","20","4V - 5.5V",""
"EClamp5068ZA","DFN0603-2","0.6 x 0.3 x 0.25","TVS RF Decoupling","ESD & EMI filter devices","1","5.00","68.00","2.00","12.50","0.00","18","20","4V - 5.5V",""
"EClamp5100ZA","DFN0603-2","0.6 x 0.3 x 0.25","TVS RF Decoupling","ESD & EMI filter devices","1","5.00","100.00","2.00","12.50","0.00","18","20","4V - 5.5V",""
"EClamp8052P","DFN1917-5","1.9 x 1.7 x 0.55","Filter","ESD & EMI filter devices","2","5.00","0.95","6.00","17.00","0.00","25","30","4V - 5.5V",""
"HClamp2481ZA","DFN0603-2","0.6 x 0.3 x 0.25","Bidirectional","ESD & EMI filter devices","1","24.00","4.40","4.50","43.30","0.00","30","30","13V - 33V",""
"HClamp5051ZA","DFN0603-2","0.6 x 0.3 x 0.25","Bidirectional","General purpose ESD protection","1","5.00","4.50","2.50","14.00","0.00","17","0","4V - 5.5V",""
"LC03-3.3","SO-8 (SOIC-8)","6.0 x 5.0 x 1.75","Array","General purpose ESD protection","2","3.30","8.00","100.00","15.00","3.50","8","15","1V - 3.6V",""
"LC03-6","SO-8 (SOIC-8)","6.0 x 5.0 x 1.75","Array","General purpose ESD protection","2","6.00","8.00","100.00","20.00","6.80","8","15","6V - 12V",""
"LCDA05","SO-8 (SOIC-8)","6.0 x 5.0 x 1.75","Bidirectional","General purpose ESD protection","2","5.00","5.00","17.00","0.00","6.00","8","15","4V - 5.5V",""
"LCDA12","SO-8 (SOIC-8)","6.0 x 5.0 x 1.75","Bidirectional","General purpose ESD protection","2","12.00","5.00","12.00","0.00","13.30","8","15","6V - 12V",""
"LCDA12C-1","SOT143","3.04 x 2.64 x 1.22","Bidirectional","General purpose ESD protection","1","12.00","8.00","20.00","26.60","13.30","8","15","6V - 12V",""
"LCDA15","SO-8 (SOIC-8)","6.0 x 5.0 x 1.75","Bidirectional","General purpose ESD protection","2","15.00","5.00","10.00","0.00","16.70","8","15","13V - 33V",""
"LCDA15C-6","SO-8 (SOIC-8)","6.0 x 5.0 x 1.75","Bidirectional","General purpose ESD protection","6","15.00","3.00","15.00","33.00","16.70","8","15","13V - 33V",""
"LCDA15C-8","SO-16","10.0 x 6.0 x 1.75","Bidirectional","General purpose ESD protection","8","15.00","8.00","15.00","33.00","16.70","8","15","13V - 33V",""
"RClamp01001ZC","DFN0603-2","0.6 x 0.3 x 0.25","Bidirectional","Low capacitance","1","1.00","0.23","5.00","2.70","1.20","12","18","1V - 3.6V","USB"
"RClamp01071ZC","DFN0603-2","0.6 x 0.3 x 0.25","Bidirectional","Low capacitance","1","1.00","0.11","2.50","4.00","1.40","10","12","1V - 3.6V","USB"
"RClamp01211ZC","DFN0603-2","0.6 x 0.3 x 0.25","Bidirectional","Low capacitance","1","1.20","0.17","2.50","4.20","1.50","10","15","1V - 3.6V","USB"
"RClamp01501ZC","DFN0603-2","0.6 x 0.3 x 0.25","Bidirectional","Low capacitance","1","1.50","0.23","5.00","2.70","2.80","12","18","1V - 3.6V","USB"
"RClamp01511ZC","DFN0603-2","0.6 x 0.3 x 0.25","Bidirectional","Low capacitance","1","1.50","0.17","2.50","4.20","1.80","10","15","1V - 3.6V","USB"
"RClamp01811PW","DFN1006-2","1.0 x 0.6 x 0.5","Bidirectional","Low capacitance","1","1.80","0.52","8.00","4.60","2.20","30","30","1V - 3.6V",""
"RClamp01811ZA","DFN0603-2","0.6 x 0.3 x 0.25","Bidirectional","Low capacitance","1","1.80","0.55","8.00","4.80","2.20","12","20","1V - 3.6V",""
"RClamp01892PWQ","DFN1006-3","1.0 x 0.6 x 0.5","Array","Automotive","2","1.80","0.30","2.50","3.00","3.50","8","11","1V - 3.6V",""
"RClamp02581P","DFN1006-2","1.0 x 0.6 x 0.25","Bidirectional","Low capacitance","1","2.80","0.28","8.00","4.60","5.00","15","20","1V - 3.6V","USB"
"RClamp03301H","SOD323","2.7 x 1.4 x 1.1","Unidirectional","Low capacitance","1","3.30","3.60","36.00","15.70","6.50","30","30","1V - 3.6V","Ethernet"
"RClamp03321H","SOD323","2.7 x 1.4 x 1.1","Bidirectional","Low capacitance","1","3.30","1.90","27.00","22.50","7.00","30","30","1V - 3.6V","Ethernet"
"RClamp03322P","DFN1006-3","1.0 x 0.6 x 0.55","Bidirectional","Low capacitance","2","3.30","0.20","6.00","6.00","3.90","8","20","1V - 3.6V","Ethernet"
"RClamp03331PWQ","DFN1006-2","1.0 x 0.6 x 0.5","Bidirectional","Automotive","1","3.30","0.35","10.00","5.00","6.00","25","30","1V - 3.6V","Antenna, Automotive High Speed"
"RClamp03354P","DFN2510-10","2.5 x 1.0 x 0.55","Array","Low capacitance","4","3.30","0.35","10.00","4.30","5.50","12","15","1V - 3.6V","HDMI, USB"
"RClamp03384P","DFN2510-10","2.5 x 1.0 x 0.55","Bidirectional","Low capacitance","4","3.30","0.17","5.00","5.50","5.50","10","15","1V - 3.6V","HDMI"
"RClamp03391PW","DFN1006-2","1.0 x 0.6 x 0.5","Bidirectional","Low capacitance","1","3.30","0.20","7.00","6.50","5.50","8","15","1V - 3.6V","Ethernet, USB"
"RClamp03392P","DFN1610-6","1.6 x 1.0 x 0.55","Array","Low capacitance","2","3.30","0.22","6.00","6.00","3.90","8","20","1V - 3.6V","Ethernet"
"RClamp04022S","SOT23-3","3.04 x 2.64 x 1.22","Bidirectional","Low capacitance","2","4.00","0.44","18.00","5.60","6.00","30","30","4V - 5.5V",""
"RClamp04041PW","DFN1006-2","1.0 x 0.6 x 0.5","Bidirectional","Low capacitance","1","4.00","0.49","20.00","5.20","6.00","30","30","4V - 5.5V","USB"
"RClamp04051ZA","DFN0603-2","0.6 x 0.3 x 0.25","Bidirectional","Low capacitance","1","4.00","0.53","20.00","8.00","6.00","30","30","4V - 5.5V","USB"
"RClamp04052P","DFN1006-3","1.0 x 0.6 x 0.5","Unidirectional","Low capacitance","2","4.00","0.83","15.00","4.50","6.00","25","30","4V - 5.5V","USB"
"RCLAMP0501H","SOD323","2.7 x 1.4 x 1.1","Unidirectional","Low capacitance","1","5.00","3.60","32.00","15.50","6.50","30","30","4V - 5.5V","VBUS"
"RClamp0501T","DFN1006-2","1.0 x 0.6 x 0.4","Unidirectional","Low capacitance","1","5.00","1.50","10.00","15.00","6.90","20","25","4V - 5.5V",""
"RClamp0502A","SOT 89 (SOT 666)","1.7 x 1.7 x 0.6","Array","Low capacitance","2","5.00","0.30","3.00","16.00","6.00","15","20","4V - 5.5V","USB"
"RClamp0502BA","SC-75 (SOT-523)","1.75 x 1.7 x 0.8","Array","Low capacitance","2","5.00","0.50","5.00","25.00","6.00","12","18","4V - 5.5V","HDMI, USB"
"RClamp0503F","SC-70 5L","2.1 x 2.1 x 1.1","Array","Low capacitance","3","5.00","1.50","6.00","25.00","6.00","20","25","4V - 5.5V",""
"RClamp0503N","DFN1510-6","1.45 x 1.0 x 0.5","Array","Low capacitance","3","6.50","0.30","3.00","30.00","7.00","8","15","6V - 12V","USB"
"RClamp0504FA","SC-70 6L","2.1 x 2.1 x 1.1","Array","Low capacitance","4","5.00","1.50","6.00","25.00","6.00","8","15","4V - 5.5V",""
"RClamp0504FB","SC-70 6L","2.1 x 2.1 x 1.1","Array","Low capacitance","4","5.00","0.55","14.00","16.50","6.00","24","30","4V - 5.5V","USB"
"RClamp0504M","MSOP 10L","4.9 x 3.1 x 1.1","Array","Low capacitance","4","5.00","1.50","12.00","25.00","6.00","8","15","4V - 5.5V",""
"RClamp0504N","DFN2020-6","2.0 x 2.0 x 0.6","Array","Low capacitance","4","5.00","1.50","12.00","20.30","6.00","8","15","4V - 5.5V","USB"
"RClamp0504P","DFN1616-6","1.6 x 1.6 x 0.6","Array","Low capacitance","4","5.00","0.80","6.00","25.00","6.00","8","15","4V - 5.5V",""
"RClamp0504PA","DFN1616-6","1.6 x 1.6 x 0.6","Array","Low capacitance","4","5.00","1.90","6.00","25.00","6.00","8","15","4V - 5.5V",""
"RClamp0504S","SOT23-6","2.9 x 2.8 x 1.45","Array","Low capacitance","4","5.00","1.50","6.00","25.00","6.00","8","15","4V - 5.5V","Ethernet"
"RClamp0506T","DFN3313-6","3.3 x 1.3 x 0.4","Array","Low capacitance","6","5.00","0.70","5.00","15.00","6.50","12","18","4V - 5.5V",""
"RClamp0508M","MSOP 10L","4.9 x 3.1 x 1.1","Array","Low capacitance","8","5.00","1.50","12.00","25.00","6.00","8","15","4V - 5.5V",""
"RClamp0512TQ","DFN1006-3","1.0 x 0.6 x 0.4","Array","Automotive","2","5.00","1.10","20.00","8.50","6.50","30","30","4V - 5.5V","Automotive Ethernet, Ethernet, USB"
"RClamp0514M","MSOP 10L","4.9 x 3.1 x 1.1","Array","Low capacitance","4","5.00","0.70","5.00","20.00","6.00","8","15","4V - 5.5V",""
"RClamp0518P","DFN2708-9","2.7 x 0.8 x 0.5","Array","Low capacitance","8","5.00","0.55","10.00","10.00","6.50","30","30","4V - 5.5V",""
"RClamp0518PQ","DFN2780-9","2.7 x 0.8 x 0.5","Array","Automotive","8","5.00","0.55","10.00","4.20","6.50","30","30","4V - 5.5V","Automotive Ethernet"
"RClamp0521H","SOD323","2.7 x 1.4 x 1.1","Bidirectional","Low capacitance","1","5.00","1.90","24.00","21.50","7.00","30","30","4V - 5.5V","Ethernet, USB"
"RClamp0521PA","DFN1006-2","1.0 x 0.6 x 0.5","Bidirectional","Low capacitance","1","5.00","0.30","4.00","25.00","6.00","12","15","4V - 5.5V","Antenna, HDMI, USB"
"RClamp0521Z","DFN0603-2","0.6 x 0.3 x 0.25","Unidirectional","Low capacitance","1","5.00","0.35","4.00","25.00","6.00","17","25","4V - 5.5V","HDMI, USB"
"RClamp0521ZA","DFN0603-2","0.6 x 0.3 x 0.25","Bidirectional","Low capacitance","1","5.00","0.50","2.00","15.00","6.50","17","25","4V - 5.5V","Antenna, HDMI, USB"
"RClamp0522P","DFN1610-6","1.6 x 1.0 x 0.58","Unidirectional","Low capacitance","2","5.00","0.30","5.00","26.00","6.00","12","17","4V - 5.5V","HDMI, USB"
"RClamp0524PA","DFN2510-10","2.5 x 1.0 x 0.58","Array","Low capacitance","4","5.00","0.30","5.00","15.00","6.00","12","17","4V - 5.5V","HDMI"
"RClamp0524PB","DFN2510-10","2.5 x 1.0 x 0.58","Array","Low capacitance","4","5.00","0.30","7.00","13.90","6.00","12","17","4V - 5.5V","HDMI"
"RClamp0524PQ","DFN2510-10","2.5 x 1.0 x 0.58","Array","Automotive","4","5.00","0.50","5.00","15.00","6.50","15","25","4V - 5.5V",""
"RClamp0524S","SOT23-6","2.9 x 2.8 x 1.45","Array","Low capacitance","4","5.00","5.00","6.00","24.00","6.00","8","15","4V - 5.5V",""
"RClamp0524T","DFN2510-10","2.5 x 1.0 x 0.4","Array","Low capacitance","4","5.00","0.30","5.00","29.00","6.00","12","17","4V - 5.5V","HDMI, USB"
"RClamp0531T","DFN1006-2","1.0 x 0.6 x 0.4","Bidirectional","Low capacitance","1","5.00","0.50","4.00","20.00","6.00","12","20","4V - 5.5V",""
"RClamp0531TQ","DFN1006-2","1.0 x 0.6 x 0.4","Bidirectional","Automotive","1","5.00","0.85","4.00","20.00","6.00","12","20","4V - 5.5V",""
"RClamp0532T","DFN1610-4","1.6 x 1.0 x 0.4","Array","Low capacitance","2","5.00","1.20","10.00","10.00","6.50","30","30","4V - 5.5V","Ethernet"
"RClamp0534N","DFN3020-10","3.0 x 2.0 x 0.6","Array","Low capacitance","4","5.00","1.50","25.00","15.00","6.00","30","30","4V - 5.5V","Ethernet"
"RClamp0534PWQ","DFN2510-10","2.5 x 1.0 x 0.55","Array","Automotive","4","5.00","0.14","4.00","5.50","5.50","10","15","4V - 5.5V","Automotive High Speed, HDMI"
"RClamp0542T","DFN1610-4","1.6 x 1.0 x 0.4","Array","Low capacitance","2","5.00","0.25","5.00","15.00","6.50","12","18","4V - 5.5V","Ethernet"
"RClamp0542ZA","DFN0603-3","0.6 x 0.3 x 0.25","Array","Low capacitance","2","5.00","0.27","2.00","20.00","6.50","12","17","4V - 5.5V","HDMI, USB"
"RClamp0544M","MSOP 10L","4.9 x 3.1 x 1.1","Array","Low capacitance","4","5.00","0.30","5.00","20.00","6.00","12","18","4V - 5.5V",""
"RClamp0544P","DFN2510-10","2.5 x 1.0 x 0.55","Array","Low capacitance","4","5.00","0.19","6.50","4.30","5.50","8","20","4V - 5.5V","HDMI, USB"
"RClamp0544T","DFN2010-10","2.0 x 1.0 x 0.4","Array","Low capacitance","4","5.00","0.30","5.00","15.00","6.50","12","18","4V - 5.5V","HDMI"
"RClamp0551P","DFN1006-2","1.0 x 0.6 x 0.5","Bidirectional","Low capacitance","1","5.00","0.25","3.00","20.00","6.00","17","17","4V - 5.5V","HDMI, USB"
"RClamp0551PQ","DFN1006-2","1.0 x 0.6 x 0.5","Bidirectional","Automotive","1","5.00","0.45","3.00","15.00","6.00","25","25","4V - 5.5V","Automotive High Speed"
"RClamp0552T","DFN1006-3","1.0 x 0.6 x 0.4","Array","Low capacitance","2","5.00","0.21","3.00","20.00","6.50","17","17","4V - 5.5V","USB"
"RClamp0554S","SOT23-6","2.9 x 2.8 x 1.45","Array","Low capacitance","4","5.00","3.00","25.00","15.00","6.00","25","30","4V - 5.5V","Ethernet"
"RClamp0554T","DFN2510-10","2.0 x 1.0 x 0.4","Array","Low capacitance","4","5.00","0.28","5.00","11.00","6.50","18","24","4V - 5.5V","HDMI"
"RClamp0561PQ","DFN1006-2","1.0 x 0.6 x 0.5","Bidirectional","Automotive","1","5.50","0.14","2.00","20.00","6.50","15","18","4V - 5.5V","Antenna, Automotive High Speed"
"RClamp0561Z","DFN0603-2","0.62 x 0.32 x 0.30","Bidirectional","Low capacitance","1","5.50","0.12","2.50","16.50","6.50","12","15","4V - 5.5V","Antenna, USB"
"RClamp0564P","DFN2010-5","2.0 x 1.0 x 0.5","Array","Low capacitance","4","5.00","0.17","3.00","4.00","6.50","10","15","4V - 5.5V","HDMI, USB"
"RClamp0572ZC","DFN0603-3","0.6 x 0.3 x 0.25","Array","Low capacitance","2","5.00","0.22","3.00","12.00","7.00","10","15","4V - 5.5V","USB"
"RClamp0574P","DFN2010-5","2.0 x 1.0 x 0.5","Array","Low capacitance","4","5.50","0.18","5.00","4.70","6.50","10","15","4V - 5.5V","HDMI"
"RClamp0582B","SC-75 (SOT-523)","1.6 x 1.6 x 0.75","Array","Low capacitance","2","5.00","0.50","15.00","20.00","6.00","25","30","4V - 5.5V",""
"RClamp0582BQ","SC-75 (SOT-523)","1.6 x 1.6 x 0.75","Array","Automotive","2","5.00","0.50","15.00","20.00","6.00","25","30","4V - 5.5V","Automotive Ethernet, USB"
"RClamp0582N","DFN1210-6","1.2 x 1.0 x 0.58","Array","Low capacitance","2","6.50","0.20","5.00","25.00","7.00","12","20","6V - 12V","USB"
"RClamp0582NQ","DFN1210-6","1.2 x 1.0 x 0.58","Array","Automotive","3","6.50","0.30","5.00","25.00","7.00","12","20","6V - 12V","USB"
"RClamp0584J","DFN2710-10","2.7 x 1.0 x 0.58","Array","Low capacitance","4","5.00","0.25","5.00","15.00","6.50","12","18","4V - 5.5V","HDMI"
"RClamp0584P","DFN2510-10","2.5 x 1.0 x 0.55","Bidirectional","Low capacitance","4","5.50","0.17","5.00","5.50","5.50","10","15","4V - 5.5V","HDMI"
"RClamp0592PWQ","DFN1006-3","1.0 x 0.6 x 0.5","Unidirectional","Automotive","2","5.00","1.00","10.00","6.00","6.50","30","30","4V - 5.5V",""
"RClamp0594P","DFN2510-10","2.5 x 1.0 x 0.55","Array","Low capacitance","4","5.00","0.30","6.00","11.80","6.00","12","17","4V - 5.5V","HDMI"
"RClamp0594PWQ","DFN2510-10","2.5 x 1.0 x 0.55","Array","Automotive","4","5.00","0.60","5.00","11.40","6.00","17","20","4V - 5.5V","Automotive Ethernet"
"RCLAMP0801H","SOD323","2.7 x 1.4 x 1.1","Unidirectional","Low capacitance","1","8.00","3.30","30.00","17.50","9.50","30","30","6V - 12V","VBUS"
"RClamp0821H","SOD323","2.7 x 1.4 x 1.1","Bidirectional","Low capacitance","1","8.00","1.90","30.00","23.50","10.50","30","30","6V - 12V","Ethernet, USB"
"RClamp0821P","DFN1006-2","1.0 x 0.6 x 0.5","Bidirectional","Low capacitance","1","8.00","0.30","4.00","25.00","10.00","17","25","6V - 12V","Antenna"
"RClamp0821ZA","DFN0603-2","0.6 x 0.3 x 0.25","Bidirectional","Low capacitance","1","8.00","0.40","4.00","25.00","10.00","17","25","6V - 12V","Antenna"
"RClamp0822B","SC-75 (SOT-523)","1.6 x 1.6 x 0.75","Unidirectional","Low capacitance","2","8.00","0.70","7.00","18.00","9.60","30","30","6V - 12V","USB, VBUS"
"RClamp0854P","DFN1616-6","1.6 x 1.6 x 0.6","Array","Low capacitance","3","5.50","0.80","3.00","30.00","6.50","8","15","4V - 5.5V","USB"
"RClamp10012PQ","DFN2010-5","2.0 x 1.0 x 0.6","Bidirectional","Automotive","2","30.00","1.20","3.00","25.00","105.00","12","17","13V - 33V","Automotive Ethernet"
"RClamp10022PWQ","DFN2010-5","2.0 x 1.0 x 0.5","Bidirectional","Automotive","2","30.00","0.44","6.00","38.00","130.00","15","25","13V - 33V","Automotive Ethernet"
"RClamp1011ZC","DFN0603-2","0.6 x 0.3 x 0.25","Bidirectional","Low capacitance","1","1.00","0.17","2.50","4.00","1.30","10","15","1V - 3.6V","USB"
"RCLAMP1201H","SOD323","2.7 x 1.4 x 1.1","Unidirectional","Low capacitance","1","12.00","3.30","35.00","25.70","14.50","30","30","6V - 12V","VBUS"
"RCLAMP1221H","SOD323","2.7 x 1.4 x 1.1","Bidirectional","Low capacitance","1","12.00","1.70","35.00","34.00","14.50","30","30","6V - 12V","USB"
"RClamp1221PW","DFN1006-2","1.0 x 0.6 x 0.5","Bidirectional","Low capacitance","1","12.00","0.32","4.00","19.70","13.50","10","12","6V - 12V","Antenna"
"RClamp1221ZA","DFN0603-2","0.6 x 0.3 x 0.25","Bidirectional","Low capacitance","1","12.00","0.35","4.00","24.00","13.50","17","25","6V - 12V","Antenna, HDMI, USB"
"RClamp1222B","SC-75 (SOT-523)","1.6 x 1.6 x 0.75","Unidirectional","Low capacitance","2","12.00","0.63","10.00","19.50","14.00","30","30","6V - 12V","RS-485, USB, VBUS"
"RClamp1251ZA","DFN0603-2","0.6 x 0.3 x 0.25","Bidirectional","Low capacitance","1","12.00","0.42","20.00","5.40","13.00","20","25","6V - 12V","Antenna, USB"
"RClamp1255P","DFN2018-6","2.0 x 1.8 x 0.57","Array","Low capacitance","4","4.00","0.35","3.00","12.50","4.50","10","15","4V - 5.5V","USB"
"RClamp1265P","DFN2018-6","2.0 x 1.8 x 0.57","Array","Low capacitance","4","6.50","0.85","8.00","20.00","7.50","25","30","6V - 12V",""
"RClamp1501H","SOD323","2.7 x 1.4 x 1.1","Unidirectional","Low capacitance","1","15.00","3.10","34.00","28.00","17.50","30","30","13V - 33V","VBUS"
"RClamp1502B","SC-75 (SOT-523)","1.75 x 1.7 x 0.8","Array","Low capacitance","2","15.00","0.60","5.00","40.00","16.70","8","15","13V - 33V",""
"Rclamp1521H","SOD323","2.7 x 1.4 x 1.1","Bidirectional","Low capacitance","1","15.00","1.80","34.00","35.00","17.00","30","30","13V - 33V",""
"RClamp1521P","DFN1006-2","1.0 x 0.6 x 0.5","Bidirectional","Low capacitance","1","15.00","0.30","4.00","30.00","16.70","8","15","13V - 33V","Antenna, USB"
"RClamp1521PQ","DFN1006-2","1.0 x 0.6 x 0.5","Bidirectional","Automotive","1","15.00","0.30","4.00","35.00","16.70","8","15","13V - 33V","Antenna"
"RClamp1521ZA","DFN0603-2","0.6 x 0.3 x 0.25","Bidirectional","Low capacitance","1","15.00","0.35","3.00","24.00","16.50","10","15","13V - 33V","Antenna"
"RClamp1531ZA","DFN0603-2","0.6 x 0.3 x 0.25","Unidirectional","Low capacitance","1","15.00","0.45","20.00","8.00","17.00","15","20","13V - 33V","USB"
"RClamp1561PQ","DFN1006-2","1.0 x 0.6 x 0.5","Bidirectional","Automotive","1","15.00","0.25","2.00","35.00","16.50","10","15","13V - 33V","Antenna"
"RClamp1561PWQ","DFN1006-2","1.0 x 0.6 x 0.5","Bidirectional","Automotive","1","15.00","0.15","2.00","32.00","16.50","10","15","13V - 33V","Antenna"
"RClamp1624T","DFN1710-4","1.7 x 1.0 x 0.4","Array","Low capacitance","3","5.00","0.70","5.00","15.00","6.50","12","18","4V - 5.5V","USB"
"RClamp1631PQ","DFN1610-2","1.6 x 1.0 x 0.53","Bidirectional","Automotive","1","16.00","0.33","8.00","27.00","20.00","30","30","13V - 33V","Antenna"
"RClamp1644T","DFN1508-5","1.5 x 0.8 x 0.4","Array","Low capacitance","3","5.00","0.20","5.00","15.00","6.50","20","25","4V - 5.5V","USB"
"RClamp1654P","DFN1616-6","1.6 x 1.6 x 0.6","Array","Low capacitance","3","5.50","0.70","3.00","30.00","6.50","8","15","4V - 5.5V","USB"
"RClamp1851PQ","DFN1006-2","1.0 x 0.6 x 0.5","Bidirectional","Automotive","1","18.00","0.37","4.00","4.50","18.50","17","20","13V - 33V","Antenna"
"RClamp1851ZA","DFN0603-2","0.6 x 0.3 x 0.25","Bidirectional","Low capacitance","1","18.00","0.35","3.00","9.20","18.50","17","20","13V - 33V","Antenna"
"RClamp2261ZA","DFN0603-2","0.6 x 0.3 x 0.25","Bidirectional","Low capacitance","1","22.00","0.35","18.00","10.50","24.00","25","30","13V - 33V","Antenna, USB"
"RClamp2271ZC","DFN0603-2","0.6 x 0.3 x 0.25","Bidirectional","Low capacitance","1","22.00","0.15","2.00","6.00","24.00","8","15","13V - 33V","Antenna, USB"
"RClamp2272ZC","DFN0603-3","0.62 x 0.32 x 0.30","Bidirectional","Low capacitance","2","22.00","0.14","4.00","20.00","24.00","10","15","13V - 33V","Antenna, USB"
"RCLAMP2401H","SOD323","2.7 x 1.4 x 1.1","Unidirectional","Low capacitance","1","24.00","3.20","24.00","46.00","26.00","30","30","13V - 33V","VBUS"
"RClamp2402B","SC-75 (SOT-523)","1.6 x 1.6 x 0.75","Array","Low capacitance","2","24.00","0.60","4.00","50.00","26.70","15","25","13V - 33V",""
"RClamp2421H","SOD323","2.7 x 1.4 x 1.1","Bidirectional","Low capacitance","1","24.00","1.80","24.00","50.50","27.00","30","30","13V - 33V","USB"
"RClamp2431T","DFN1006-2","1.0 x 0.6 x 0.4","Bidirectional","Low capacitance","1","24.00","0.35","2.00","50.00","26.70","8","13","13V - 33V","Antenna, USB"
"RClamp2431TQ","DFN1006-2","1.0 x 0.6 x 0.4","Bidirectional","Automotive","1","24.00","0.35","2.00","50.00","26.70","15","15","13V - 33V","Antenna"
"RClamp2451P","DFN1006-2","1.0 x 0.6 x 0.5","Bidirectional","Low capacitance","1","24.00","0.38","4.00","4.60","25.50","10","18","13V - 33V","Antenna"
"RClamp2451ZA","DFN0603-2","0.6 x 0.3 x 0.25","Bidirectional","Low capacitance","1","24.00","0.35","4.00","8.00","25.50","14","18","13V - 33V","Antenna, USB"
"RClamp2461ZC","DFN0603-2","0.6 x 0.3 x 0.25","Bidirectional","Low capacitance","1","24.00","0.22","4.00","3.50","24.30","10","15","13V - 33V","Antenna"
"RClamp2502L","SO-8 (SOIC-8)","6.0 x 5.0 x 1.75","Array","Low capacitance","2","2.50","10.00","40.00","20.00","2.70","15","25","1V - 3.6V","Ethernet"
"RClamp2504N","DFN2626-10","2.6 x 2.6 x 0.6","Array","Low capacitance","4","2.50","2.00","25.00","15.00","2.70","15","25","1V - 3.6V","Ethernet"
"RClamp2504P","DFN1616-6","1.6 x 1.6 x 0.58","Array","Low capacitance","4","2.50","0.40","5.00","13.00","2.70","12","20","1V - 3.6V","Ethernet"
"RClamp2511ZA","DFN0603-2","0.6 x 0.3 x 0.25","Bidirectional","Low capacitance","1","2.50","0.50","8.00","7.00","6.00","30","30","1V - 3.6V","USB"
"RClamp2574N","DFN3020-10","3.0 x 2.0 x 0.6","Array","Low capacitance","4","2.50","1.70","40.00","20.00","2.70","30","30","1V - 3.6V","Ethernet"
"RClamp2574NQ","DFN3020-10","3.0 x 2.0 x 0.6","Array","Automotive","4","2.50","1.70","40.00","20.00","2.70","30","30","1V - 3.6V","Automotive Ethernet, Ethernet"
"RClamp2581ZC","DFN0603-2","0.6 x 0.3 x 0.25","Bidirectional","Low capacitance","1","2.50","0.26","8.00","4.80","5.00","12","17","1V - 3.6V","USB"
"RClamp2594N","DFN3020-10","3.0 x 2.0 x 0.4","Array","Low capacitance","4","5.00","2.10","35.00","8.50","6.50","30","30","4V - 5.5V","Ethernet"
"RClamp2654P","DFN2626-10","1.6 x 1.6 x 0.58","Array","Low capacitance","3","4.00","0.40","4.00","10.00","4.20","15","18","4V - 5.5V","USB"
"RClamp2656P","DFN2018-6","2.0 x 1.8 x 0.57","Array","Low capacitance","3","5.00","0.28","3.00","20.00","6.50","15","15","4V - 5.5V","USB"
"RClamp2831PQ","DFN1610-2","1.6 x 1.0 x 0.53","Bidirectional","Automotive","1","28.00","0.35","7.00","39.00","31.50","30","30","13V - 33V","Antenna"
"RClamp3304NA","DFN2626-10","2.6 x 2.6 x 0.6","Array","Low capacitance","4","3.30","2.00","25.00","18.00","3.50","15","25","1V - 3.6V","Ethernet"
"RClamp3304P","DFN1616-6","1.6 x 1.6 x 0.58","Array","Low capacitance","4","3.30","0.40","5.00","13.00","3.50","12","20","1V - 3.6V","Ethernet"
"RClamp3311P","DFN1610-2","1.6 x 1.0 x 0.53","Bidirectional","Low capacitance","1","3.30","0.18","10.00","17.50","6.50","25","27","1V - 3.6V","Ethernet"
"RClamp3321P","DFN1006-2","1.0 x 0.6 x 0.5","Bidirectional","Low capacitance","1","3.30","0.22","4.00","13.00","5.50","12","17","1V - 3.6V","USB"
"RClamp3324P","DFN2510-10","2.5 x 1.0 x 0.6","Array","Low capacitance","4","3.30","0.60","4.50","3.50","1.60","17","20","1V - 3.6V","USB"
"RClamp3324T","DFN1710-4","1.7 x 1.0 x 0.4","Array","Low capacitance","4","3.30","0.30","5.00","10.50","3.80","25","30","1V - 3.6V","HDMI, USB"
"RClamp3328P","DFN3810-9","3.8 x 1.0 x 0.5","Array","Low capacitance","8","3.30","0.30","5.00","10.50","3.80","25","30","1V - 3.6V","HDMI, USB"
"RClamp3331PQ","DFN1006-2","1.0 x 0.6 x 0.5","Bidirectional","Automotive","1","3.30","0.35","10.00","6.00","6.00","30","30","1V - 3.6V","Antenna, Automotive Ethernet, Automotive High Speed"
"RClamp3331Z2C","DFN0402-2","0.43 x 0.23 x 0.15","Bidirectional","Low capacitance","1","3.30","0.35","4.00","4.70","5.50","18","22","1V - 3.6V","USB"
"RClamp3331ZA","DFN0603-2","0.6 x 0.3 x 0.25","Bidirectional","Low capacitance","1","3.30","0.35","4.00","7.50","5.50","18","20","1V - 3.6V","USB"
"RClamp3344T","DFN1308-5","1.3 x 0.8 x 0.4","Array","Low capacitance","4","3.30","0.30","4.00","6.50","7.50","17","20","1V - 3.6V","USB"
"RClamp3346P","DFN2708-7","2.7 x 0.8 x 0.5","Array","Low capacitance","6","3.30","0.30","4.50","4.50","7.00","17","20","1V - 3.6V","USB"
"RClamp3351ZA","DFN0603-2","0.6 x 0.3 x 0.25","Bidirectional","Low capacitance","1","3.30","0.47","10.00","6.50","5.50","22","25","1V - 3.6V","USB"
"RClamp3354S","SOT23-5","3.10 x 2.80 x 1.45","Array","Low capacitance","4","3.30","2.00","25.00","16.00","3.50","30","30","1V - 3.6V","Ethernet"
"RClamp3361P","DFN1006-2","1.0 x 0.6 x 0.5","Bidirectional","Low capacitance","1","3.30","0.20","7.00","6.50","5.50","12","15","1V - 3.6V","Ethernet"
"RClamp3361Z","DFN0603-2","0.62 x 0.32 x 0.30","Bidirectional","Low capacitance","1","3.30","0.18","7.00","8.50","5.50","12","15","1V - 3.6V",""
"RClamp3371ZC","DFN0603-2","0.6 x 0.3 x 0.25","Bidirectional","Low capacitance","1","3.30","0.23","9.00","5.40","5.50","10","17","1V - 3.6V","USB"
"RClamp3374N","DFN3020-10","3.0 x 2.0 x 0.6","Array","Low capacitance","4","3.30","1.70","40.00","25.00","3.50","30","30","1V - 3.6V","Ethernet"
"RClamp3382P","DFN1610-4","1.6 x 1.0 x 0.5","Array","Low capacitance","2","3.30","0.25","10.00","20.00","6.50","25","25","1V - 3.6V","Ethernet"
"RClamp3391ZC","DFN0603-2","0.6 x 0.3 x 0.25","Bidirectional","Low capacitance","1","3.30","0.17","7.00","5.00","5.50","8","15","1V - 3.6V","USB"
"RClamp3521P","DFN1006-2","1.0 x 0.6 x 0.5","Bidirectional","Low capacitance","1","3.50","0.33","4.00","13.00","4.50","12","17","1V - 3.6V",""
"RClamp3521ZA","DFN0603-2","0.6 x 0.3 x 0.25","Bidirectional","Low capacitance","1","3.50","0.45","6.00","5.00","5.50","20","25","1V - 3.6V","USB"
"RClamp3552T","DFN1006-3","1.0 x 0.6 x 0.4","Array","Low capacitance","2","3.50","0.30","4.00","6.50","7.50","17","20","1V - 3.6V","USB"
"RClamp3552TQ","DFN1006-3","1.0 x 0.6 x 0.4","Array","Automotive","2","3.50","0.30","4.00","6.50","7.50","17","20","1V - 3.6V","Automotive Ethernet, Automotive High Speed"
"RClamp3601H","SOD323","2.7 x 1.4 x 1.1","Unidirectional","Low capacitance","1","36.00","3.30","14.00","59.00","37.00","30","30","36V - 58V",""
"Rclamp3621H","SOD323","2.7 x 1.4 x 1.1","Bidirectional","Low capacitance","1","36.00","1.80","15.00","65.00","38.00","30","30","36V - 58V",""
"RClamp3624T","DFN1710-4","1.7 x 1.0 x 0.4","Array","Low capacitance","3","5.28","0.70","6.00","12.50","6.50","12","18","4V - 5.5V","USB"
"RClamp3631P","DFN1006-2","1.0 x 0.6 x 0.5","Bidirectional","Low capacitance","1","3.63","0.35","10.00","6.00","6.00","30","30","1V - 3.6V","Antenna, Ethernet, USB"
"RClamp3654PA","DFN1616-6","1.6 x 1.6 x 0.58","Array","Low capacitance","3","5.50","0.70","3.00","30.00","6.50","8","15","4V - 5.5V","USB"
"RClamp3655P","DFN3313-8","3.3 x 1.3 x 0.5","Array","Low capacitance","4","5.00","0.70","5.00","15.00","6.50","12","18","4V - 5.5V","USB"
"RClamp3951ZA","DFN0603-2","0.6 x 0.3 x 0.25","Bidirectional","Low capacitance","1","3.30","0.45","10.00","5.20","7.00","25","30","1V - 3.6V","USB"
"RClamp4021ZA","DFN0603-2","0.6 x 0.3 x 0.25","Bidirectional","Low capacitance","1","4.00","0.45","8.00","8.00","5.50","20","25","4V - 5.5V","USB"
"RClamp4041ZA","DFN0603-2","0.6 x 0.3 x 0.25","Bidirectional","Low capacitance","1","4.00","0.53","20.00","5.60","6.00","30","30","4V - 5.5V","USB"
"RClamp5011ZA","DFN0603-2","0.6 x 0.3 x 0.25","Bidirectional","Low capacitance","1","5.00","0.40","4.00","12.50","6.50","15","18","4V - 5.5V","HDMI, USB"
"RClamp5031T","DFN0806-2","0.8 x 0.6 x 0.4","Unidirectional","Low capacitance","1","5.00","0.35","3.00","10.00","6.50","15","18","4V - 5.5V",""
"RClamp5031ZA","DFN0603-2","0.6 x 0.3 x 0.25","Bidirectional","Low capacitance","1","5.00","0.35","4.00","13.00","6.50","17","24","4V - 5.5V","HDMI, USB"
"RClamp5041ZA","DFN0603-2","0.6 x 0.3 x 0.25","Bidirectional","Low capacitance","1","5.00","0.58","9.00","15.00","8.00","30","30","4V - 5.5V","HDMI, USB"
"RClamp7522T","DFN1007-5","1.0 x 0.7 x 0.4","Array","Low capacitance","2","5.00","0.25","4.00","25.00","6.50","15","25","4V - 5.5V","USB"
"RClamp7524T","DFN1308-5","1.3 x 0.8 x 0.4","Array","Low capacitance","4","5.00","0.25","5.00","15.00","6.50","25","30","4V - 5.5V","HDMI, USB"
"RClamp7528T","DFN2611-9","2.6 x 1.1 x 0.4","Array","Low capacitance","8","5.00","0.25","5.00","15.00","6.50","20","25","4V - 5.5V","HDMI"
"RClamp7534P","DFN2010-5","2.0 x 1.0 x 0.6","Array","Low capacitance","4","5.00","0.19","4.00","25.00","6.50","20","25","4V - 5.5V","HDMI, USB"
"RClamp7535M","MSOP 10L","4.9 x 3.1 x 1.1","Array","Low capacitance","8","2.50","2.00","30.00","10.00","2.70","15","25","1V - 3.6V",""
"RClamp7538P","DFN3810-9","3.8 x 1.0 x 0.5","Array","Low capacitance","8","5.00","0.25","5.00","15.00","6.50","20","25","4V - 5.5V","HDMI"
"RClamp8512N","DFN4017-13","4.0 x 1.7 x 0.60","Array","Low capacitance","2","2.50","2.00","15.00","9.00","2.70","18","25","1V - 3.6V",""
"SD05","SOD323","2.7 x 1.4 x 1.1","Unidirectional","General purpose ESD protection","1","5.00","350.00","24.00","14.50","6.00","10","25","4V - 5.5V",""
"SD05C","SOD323","2.7 x 1.4 x 1.1","Bidirectional","General purpose ESD protection","1","5.00","200.00","24.00","14.50","6.00","8","15","4V - 5.5V",""
"SD12","SOD323","2.7 x 1.4 x 1.1","Unidirectional","General purpose ESD protection","1","12.00","150.00","15.00","25.00","13.30","10","25","6V - 12V",""
"SD12C","SOD323","2.7 x 1.4 x 1.1","Bidirectional","General purpose ESD protection","1","12.00","100.00","15.00","24.00","13.30","8","15","6V - 12V",""
"SD15C","SOD323","2.7 x 1.4 x 1.1","Bidirectional","General purpose ESD protection","1","15.00","75.00","12.00","29.00","16.70","8","15","13V - 33V",""
"SD24C","SOD323","2.7 x 1.4 x 1.1","Bidirectional","General purpose ESD protection","1","24.00","50.00","8.00","44.00","26.70","8","15","13V - 33V",""
"SDC15","SOT23-3","3.0 x 2.6 x 1.02","Unidirectional","General purpose ESD protection","2","12.80","120.00","10.00","24.00","14.30","8","15","6V - 12V",""
"SDC36","SOT23-3","3.0 x 2.6 x 1.02","Unidirectional","General purpose ESD protection","2","33.00","45.00","4.00","55.00","36.00","8","15","13V - 33V",""
"SDC36C","SOT-23-3","2.92 x 2.80 x 1.25","Unidirectional","General purpose ESD protection","1","33.00","120.00","4.00","45.00","35.00","8","15","13V - 33V",""
"SL05","SOT23-3","3.0 x 2.6 x 1.02","Unidirectional","Low capacitance","1","5.00","5.00","17.00","11.00","6.00","8","15","4V - 5.5V",""
"SL12","SOT23-3","3.0 x 2.6 x 1.02","Unidirectional","Low capacitance","1","12.00","5.00","12.00","24.00","13.30","8","15","6V - 12V",""
"SL15","SOT23-3","3.0 x 2.6 x 1.02","Unidirectional","Low capacitance","1","15.00","5.00","10.00","30.00","16.70","8","15","13V - 33V",""
"SL24","SOT23-3","3.0 x 2.6 x 1.02","Unidirectional","Low capacitance","1","24.00","5.00","5.00","55.00","26.70","8","15","13V - 33V",""
"SLVU2.8","SOT23-3","3.0 x 2.6 x 1.02","Unidirectional","General purpose ESD protection","1","2.80","70.00","24.00","12.50","3.00","8","15","1V - 3.6V",""
"SLVU2.8-4","SO-8 (SOIC-8)","6.0 x 5.0 x 1.75","Bidirectional","General purpose ESD protection","4","2.80","5.00","24.00","15.00","3.00","15","25","1V - 3.6V","Ethernet"
"SLVU2.8-8","SO-8 (SOIC-8)","6.0 x 5.0 x 1.75","Bidirectional","General purpose ESD protection","4","2.80","8.00","30.00","17.00","3.00","25","30","1V - 3.6V","Ethernet"
"SLVU2.8Q","SOT23-3","2.9 x 2.37 x 1.00","Unidirectional","Automotive","1","2.80","40.00","24.00","12.50","100.00","25","30","1V - 3.6V",""
"SM712","SOT23-3","3.0 x 2.6 x 1.02","Bidirectional","General purpose ESD protection","2","12.00","35.00","21.00","19.00","13.30","30","30","6V - 12V","RS-485"
"SMDA05","SO-8 (SOIC-8)","6.0 x 5.0 x 1.75","Bidirectional","General purpose ESD protection","4","5.00","400.00","17.00","9.80","6.00","8","15","4V - 5.5V",""
"SMDA05-6","SO-8 (SOIC-8)","6.0 x 5.0 x 1.75","Unidirectional","General purpose ESD protection","6","5.00","400.00","17.00","9.80","6.00","8","15","4V - 5.5V",""
"SMDA05C-7","SO-8 (SOIC-8)","6.0 x 5.0 x 1.75","Bidirectional","General purpose ESD protection","7","5.00","350.00","17.00","9.80","6.00","8","15","4V - 5.5V",""
"SMDA05C-8","SO-14","8.75 x 6.0 x 1.75","Bidirectional","General purpose ESD protection","8","5.00","350.00","17.00","9.80","6.00","8","15","4V - 5.5V",""
"SMDA12","SO-8 (SOIC-8)","6.0 x 5.0 x 1.75","Unidirectional","General purpose ESD protection","4","12.00","150.00","12.00","24.00","13.30","8","15","6V - 12V",""
"SMDA12C","SO-8 (SOIC-8)","6.0 x 5.0 x 1.75","Bidirectional","General purpose ESD protection","4","12.00","120.00","12.00","24.00","13.30","8","15","6V - 12V",""
"SMDA12C-7","SO-8 (SOIC-8)","6.0 x 5.0 x 1.75","Bidirectional","General purpose ESD protection","7","12.00","120.00","12.00","19.00","13.30","8","15","6V - 12V",""
"SMDA12C-8","SO-14","8.75 x 6.0 x 1.75","Bidirectional","General purpose ESD protection","8","12.00","120.00","12.00","19.00","13.30","8","15","6V - 12V",""
"SMDA15C","SO-8 (SOIC-8)","6.0 x 5.0 x 1.75","Bidirectional","General purpose ESD protection","4","15.00","75.00","10.00","30.00","16.70","8","15","13V - 33V",""
"SMDA15C-8","SO-14","8.75 x 6.0 x 1.75","Bidirectional","General purpose ESD protection","8","15.00","75.00","10.00","24.00","16.70","8","15","13V - 33V",""
"SMDA24","SO-8 (SOIC-8)","6.0 x 5.0 x 1.75","Unidirectional","General purpose ESD protection","4","24.00","60.00","5.00","55.00","26.70","8","15","13V - 33V",""
"SMDA24C","SO-8 (SOIC-8)","6.0 x 5.0 x 1.75","Bidirectional","General purpose ESD protection","5","24.00","50.00","5.00","55.00","26.70","8","15","13V - 33V",""
"SMDA24C-5","SO-8 (SOIC-8)","6.0 x 5.0 x 1.75","Array","General purpose ESD protection","5","24.00","50.00","1.00","43.00","26.70","8","15","13V - 33V",""
"SMDA24C-7","SO-8 (SOIC-8)","6.0 x 5.0 x 1.75","Bidirectional","General purpose ESD protection","7","24.00","50.00","5.00","43.00","26.70","8","15","13V - 33V",""
"SMDA24C-8","SO-14","8.75 x 6.0 x 1.75","Bidirectional","General purpose ESD protection","8","24.00","50.00","5.00","43.00","26.70","8","15","13V - 33V",""
"SMF05C","SC-70 5L","2.1 x 2.1 x 1.1","Unidirectional","General purpose ESD protection","5","5.00","130.00","8.00","12.50","6.00","15","20","4V - 5.5V",""
"SMF12","SC-70 5L","2.1 x 2.1 x 1.1","Unidirectional","General purpose ESD protection","4","12.00","60.00","8.00","25.00","13.30","15","20","6V - 12V",""
"SMF3.3","SC-70 5L","2.1 x 2.1 x 1.1","Unidirectional","General purpose ESD protection","4","3.30","12.00","5.00","8.00","8.00","8","15","1V - 3.6V",""
"SMS05","SOT23-6","2.9 x 2.8 x 1.45","Unidirectional","General purpose ESD protection","4","5.00","325.00","24.00","14.50","6.00","8","15","4V - 5.5V",""
"SMS12","SOT23-6","2.9 x 2.8 x 1.45","Unidirectional","General purpose ESD protection","4","12.00","135.00","15.00","23.00","13.30","8","15","6V - 12V",""
"SMS15","SOT23-6","2.9 x 2.8 x 1.45","Unidirectional","General purpose ESD protection","4","15.00","100.00","12.00","29.00","16.70","8","15","13V - 33V",""
"SMS24","SOT23-6","2.9 x 2.8 x 1.45","Unidirectional","General purpose ESD protection","4","24.00","60.00","8.00","44.00","26.70","8","15","13V - 33V",""
"SMS3.3","SOT23-6","2.9 x 2.8 x 1.45","Unidirectional","General purpose ESD protection","4","3.30","35.00","12.00","8.70","3.50","8","15","1V - 3.6V",""
"SR05","SOT143","3.04 x 2.64 x 1.22","Array","Low capacitance","2","5.00","3.00","25.00","20.00","6.00","8","15","4V - 5.5V","USB"
"SR12","SOT143","3.04 x 2.64 x 1.22","Array","Low capacitance","2","12.00","3.00","16.00","31.00","13.30","8","15","6V - 12V",""
"SR2.8","SOT143","3.04 x 2.64 x 1.22","Array","General purpose ESD protection","2","2.80","6.00","14.00","16.50","3.00","8","15","1V - 3.6V",""
"SR3.3","SOT143","3.04 x 2.64 x 1.22","Array","General purpose ESD protection","2","3.30","6.00","10.00","15.00","3.50","8","15","1V - 3.6V",""
"SR70","SOT143","3.04 x 2.64 x 1.22","Array","Low capacitance","2","70.00","3.00","24.00","7.00","85.00","8","15","60V+",""
"SRDA05-4","SO-8 (SOIC-8)","6.0 x 5.0 x 1.75","Array","Low capacitance","4","5.00","4.00","25.00","20.00","6.00","8","15","4V - 5.5V",""
"SRDA05-6","SO-8 (SOIC-8)","6.0 x 5.0 x 1.75","Array","Low capacitance","6","5.00","4.00","25.00","20.00","6.00","8","15","4V - 5.5V",""
"SRDA12-4","SO-8 (SOIC-8)","6.0 x 5.0 x 1.75","Array","Low capacitance","4","12.00","4.00","20.00","25.00","13.30","8","15","6V - 12V",""
"SRDA3.3-4","SO-8 (SOIC-8)","6.0 x 5.0 x 1.75","Array","General purpose ESD protection","4","3.30","4.00","25.00","15.00","3.50","8","15","1V - 3.6V",""
"SRDA3.3-6","SO-8 (SOIC-8)","6.0 x 5.0 x 1.75","Array","General purpose ESD protection","6","3.30","4.00","25.00","15.00","3.50","8","15","1V - 3.6V",""
"SRV05-4","SOT23-6","6.0 x 5.0 x 1.75","Array","Low capacitance","4","5.00","1.50","12.00","21.00","6.00","8","15","4V - 5.5V","Ethernet, USB"
"STF203","SC-70 6L","2.1 x 2.1 x 1.1","Array","ESD & EMI filter devices","3","5.25","60.00","0.00","0.00","6.00","10","16","4V - 5.5V","USB"
"SVS03331P1RBQ","DFN1006-2","1.0 x 0.6 x 0.5","Bidirectional","General purpose ESD protection","1","3.30","0.37","10.00","5.30","6.00","30","30","1V - 3.6V","Automotive High Speed"
"SVS0521P1RBQ","DFN1006-2","1.0 x 0.6 x 0.5","Bidirectional","Automotive","1","5.00","0.25","3.00","14.50","6.00","25","30","4V - 5.5V","Antenna, Automotive High Speed, Ethernet"
"SVS0524PARU","DFN2510-10","2.5 x 1.0 x 0.55","Bidirectional","General purpose ESD protection","4","5.00","0.43","6.00","15.00","6.00","15","20","4V - 5.5V",""
"SVS0541P1UU","DFN1006-2","1.0 x 0.6 x 0.5","Unidirectional","General purpose ESD protection","1","5.00","140.00","18.00","13.00","6.00","30","30","4V - 5.5V",""
"SVS0571P3UU","DFN1610-2","1.6 x 1.0 x 0.5","Unidirectional","General purpose ESD protection","1","5.00","800.00","80.00","14.50","6.00","30","30","4V - 5.5V","VBUS"
"SVS1071P3UU","DFN1610-2","1.6 x 1.0 x 0.5","Unidirectional","General purpose ESD protection","1","10.00","350.00","60.00","25.00","12.00","30","30","6V - 12V","VBUS"
"SVS1271P3UU","DFN1610-2","1.6 x 1.0 x 0.5","Unidirectional","General purpose ESD protection","1","12.00","300.00","45.00","30.00","14.00","30","30","6V - 12V","VBUS"
"SVS1571P3UU","DFN1610-2","1.6 x 1.0 x 0.5","Unidirectional","General purpose ESD protection","1","15.00","250.00","40.00","40.00","17.50","30","30","13V - 33V","VBUS"
"SVS1871P3UU","DFN1610-2","1.6 x 1.0 x 0.5","Unidirectional","General purpose ESD protection","1","18.00","250.00","35.00","40.00","20.00","30","30","13V - 33V","VBUS"
"SVS3671P3UU","DFN1610-2","1.6 x 1.0 x 0.5","Unidirectional","General purpose ESD protection","1","36.00","150.00","18.00","80.00","37.00","30","30","36V - 58V","VBUS"
"SVS6514PAUB","DFN2510-10","2.5 x 1.0 x 0.55","Array","Low capacitance","4","60.00","8.50","2.00","100.00","65.00","8","15","60V+",""
"SVSM712S","SOT-23-3","3.0 x 2.6 x 1.02","Bidirectional","General purpose ESD protection","2","12.00","79.00","40.00","14.30","7.50","30","30","6V - 12V","RS-485"
"TClamp0882S","SOT23-6","2.9 x 2.8 x 1.45","Array","General purpose ESD protection","2","8.00","0.15","30.00","9.50","13.50","30","30","6V - 12V",""
"TClamp1202P","DFN2020-5","2.0 x 2.0 x 0.6","Array","General purpose ESD protection","2","12.00","12.00","100.00","40.00","13.30","15","20","6V - 12V","RS-485"
"TClamp1282S","SOT23-6","2.9 x 2.8 x 1.45","Array","General purpose ESD protection","2","12.00","1.20","30.00","9.50","15.50","30","30","6V - 12V",""
"TClamp2082S","SOT23-6","2.9 x 2.8 x 1.45","Array","General purpose ESD protection","2","20.00","1.20","30.00","9.50","23.00","30","30","13V - 33V",""
"TClamp2472S","SOT23-6","2.9 x 2.8 x 1.45","Array","General purpose ESD protection","2","24.00","1.20","20.00","7.50","27.00","8","15","13V - 33V",""
"TClamp2482S","SOT23-6","6.0 x 5.0 x 1.75","Array","General purpose ESD protection","2","24.00","1.20","30.00","9.50","27.00","30","30","13V - 33V",""
"TClamp2492S","SOT23-6","2.92 x 2.80 x 1.25","Array","General purpose ESD protection","2","24.00","3.00","35.00","9.00","26.40","30","30","13V - 33V",""
"TClamp2502N","DFN2626-10","2.6 x 2.6 x 0.6","Array","General purpose ESD protection","2","2.50","12.00","95.00","25.00","2.70","30","30","1V - 3.6V","Ethernet"
"TClamp2512N","DFN2626-10","2.6 x 2.6 x 0.6","Array","General purpose ESD protection","2","2.50","5.00","120.00","18.00","2.70","30","30","1V - 3.6V","Ethernet"
"TClamp3302N","DFN2626-10","2.6 x 2.6 x 0.6","Array","General purpose ESD protection","2","3.30","12.00","95.00","22.00","3.50","30","30","1V - 3.6V","Ethernet"
"TClamp3312N","DFN2626-10","2.6 x 2.6 x 0.6","Array","General purpose ESD protection","2","3.30","5.00","120.00","20.00","3.50","30","30","1V - 3.6V","Ethernet"
"TClamp3602P","DFN2010-5","2.0 x 1.0 x 0.5","Array","General purpose ESD protection","2","36.00","2.60","30.00","11.50","40.00","30","30","36V - 58V","RS-485"
"uClamp02101ZA","DFN0603-2","0.6 x 0.3 x 0.25","Unidirectional","General purpose ESD protection","1","2.10","38.00","16.00","4.00","5.00","20","30","1V - 3.6V",""
"uClamp02131ZF","DFN0806-2","0.8 x 0.5 x 0.25","Unidirectional","General purpose ESD protection","1","2.10","40.00","15.00","4.50","2.20","20","30","1V - 3.6V",""
"uClamp0301PQ","DFN1006-2","1.0 x 0.6 x 0.5","Unidirectional","Automotive","1","3.00","18.00","5.00","8.00","3.10","25","30","1V - 3.6V",""
"uClamp03321PQ","DFN1006-2","1.0 x 0.6 x 0.5","Bidirectional","Automotive","1","3.30","83.00","50.00","9.20","3.80","30","30","1V - 3.6V",""
"uClamp03361ZA","DFN0603-2","0.6 x 0.3 x 0.25","Unidirectional","General purpose ESD protection","1","3.30","40.00","16.00","4.60","4.90","20","25","1V - 3.6V",""
"uClamp04091P","DFN1006-2","1.0 x 0.6 x 0.55","Bidirectional","General purpose ESD protection","1","4.00","40.00","20.00","11.50","6.00","20","20","4V - 5.5V","VBUS"
"uClamp04701ZV","DFN1006-2","1.0 x 0.6 x 0.25","Unidirectional","General purpose ESD protection","1","4.70","400.00","100.00","10.00","6.00","30","30","4V - 5.5V","VBUS"
"uClamp0501H","SOD523","1.7 x 0.9 x 0.7","Unidirectional","General purpose ESD protection","1","5.00","160.00","16.00","12.50","6.00","15","20","4V - 5.5V","VBUS"
"uClamp0501P","DFN1006-2","1.0 x 0.6 x 0.5","Unidirectional","General purpose ESD protection","1","5.00","160.00","16.00","12.50","6.00","15","20","4V - 5.5V","VBUS"
"uClamp0501T","DFN1006-2","1.0 x 0.6 x 0.4","Unidirectional","General purpose ESD protection","1","5.00","4.50","2.00","12.50","6.00","15","20","4V - 5.5V",""
"uClamp0502P","DFN1006-3","1.0 x 0.6 x 0.5","Unidirectional","General purpose ESD protection","2","5.00","4.50","2.00","12.50","6.00","15","20","4V - 5.5V","USB"
"uClamp0502T","DFN1006-3","1.0 x 0.6 x 0.4","Unidirectional","General purpose ESD protection","2","5.00","4.50","2.00","12.50","6.00","15","20","4V - 5.5V","USB"
"uClamp0504A","SOT 89 (SOT 666)","1.7 x 1.7 x 0.6","Unidirectional","General purpose ESD protection","4","5.00","60.00","7.00","12.00","6.00","12","20","4V - 5.5V","USB"
"uClamp0504T","DFN1313-6","1.3 x 1.3 x 0.4","Unidirectional","General purpose ESD protection","4","5.00","4.50","2.00","12.50","6.00","15","20","4V - 5.5V",""
"uClamp0505A","SOT 89 (SOT 666)","1.7 x 1.7 x 0.6","Unidirectional","General purpose ESD protection","5","5.00","60.00","7.00","12.00","6.00","12","20","4V - 5.5V",""
"uClamp0506A","SOT 89 (SOT 666)","1.7 x 1.7 x 0.6","Array","General purpose ESD protection","5","5.00","30.00","7.00","12.00","6.00","15","8","4V - 5.5V",""
"uClamp0506P","DFN1616-6","1.6 x 1.6 x 0.6","Unidirectional","General purpose ESD protection","6","5.00","30.00","7.00","12.00","6.00","12","20","4V - 5.5V",""
"uClamp0506T","DFN1313-6","1.3 x 1.3 x 0.4","Unidirectional","General purpose ESD protection","6","5.00","4.50","2.00","12.50","6.00","15","20","4V - 5.5V",""
"uClamp0508T","DFN1713-8","1.7 x 1.3 x 0.4","Unidirectional","General purpose ESD protection","8","5.00","4.50","2.00","12.50","6.00","15","20","4V - 5.5V",""
"uClamp0511P","DFN1006-2","1.0 x 0.6 x 0.5","Bidirectional","General purpose ESD protection","1","5.00","75.00","12.00","14.00","6.00","30","30","4V - 5.5V","USB"
"uClamp0511PQ","DFN1006-2","1.0 x 0.6 x 0.5","Bidirectional","Automotive","1","5.00","75.00","12.00","14.00","6.00","30","30","4V - 5.5V",""
"uClamp0511T","DFN1006-2","1.0 x 0.6 x 0.4","Bidirectional","General purpose ESD protection","1","5.00","4.00","2.00","15.00","6.00","8","15","4V - 5.5V","USB"
"uClamp0512ZA","DFN0603-3","0.6 x 0.3 x 0.25","Bidirectional","General purpose ESD protection","2","5.00","5.00","2.00","15.00","6.50","12","15","4V - 5.5V",""
"uClamp0521ZV","DFN1006-2","1.0 x 0.6 x 0.25","Unidirectional","General purpose ESD protection","1","5.00","400.00","100.00","10.00","6.00","30","30","4V - 5.5V","VBUS"
"uClamp0524P","DFN2116-8","2.1 x 1.6 x 0.58","Unidirectional","General purpose ESD protection","4","5.00","160.00","16.00","12.50","6.00","15","20","4V - 5.5V",""
"uClamp0531P","DFN1006-2","1.0 x 0.6 x 0.5","Unidirectional","General purpose ESD protection","1","5.00","145.00","18.00","13.00","6.00","30","30","4V - 5.5V",""
"uClamp0541Z","DFN0603-2","0.6 x 0.3 x 0.25","Bidirectional","General purpose ESD protection","1","5.00","6.50","2.00","15.00","6.00","17","17","4V - 5.5V",""
"uClamp0544P","DFN2510-10","2.5 x 1.0 x 0.58","Unidirectional","General purpose ESD protection","4","5.00","4.50","2.00","12.50","6.00","15","20","4V - 5.5V",""
"uClamp0551ZV","DFN1006-2","1.0 x 0.6 x 0.25","Unidirectional","General purpose ESD protection","1","5.50","400.00","100.00","12.00","5.80","30","30","4V - 5.5V","VBUS"
"uClamp0554T","DFN0808-4","0.8 x 0.8 x 0.3","Array","General purpose ESD protection","4","5.00","4.50","2.00","12.50","6.00","15","17","4V - 5.5V",""
"uClamp0561P","DFN1608-2","1.6 x 0.8 x 0.5","Unidirectional","Low capacitance","1","5.00","800.00","80.00","15.00","6.00","30","30","4V - 5.5V","VBUS"
"uClamp0571P","DFN1610-2","1.6 x 1.0 x 0.5","Unidirectional","General purpose ESD protection","1","5.00","675.00","80.00","15.00","6.00","30","30","4V - 5.5V","VBUS"
"uClamp0581P","DFN1006-2","1.0 x 0.6 x 0.5","Unidirectional","General purpose ESD protection","1","5.00","148.00","18.00","13.00","6.00","30","30","4V - 5.5V",""
"uClamp0581ZF","DFN0806-2","0.8 x 0.5 x 0.25","Unidirectional","General purpose ESD protection","1","5.00","260.00","60.00","10.00","5.80","30","30","4V - 5.5V",""
"uClamp0591ZA","DFN0603-2","0.6 x 0.3 x 0.25","Unidirectional","General purpose ESD protection","1","5.00","200.00","16.00","11.00","6.00","30","30","4V - 5.5V",""
"uClamp0601ZV","DFN1006-2","1.0 x 0.6 x 0.25","Unidirectional","General purpose ESD protection","1","6.30","337.00","25.00","9.30","6.40","30","30","6V - 12V","VBUS"
"uClamp0611ZA","DFN0603-2","0.6 x 0.3 x 0.25","Bidirectional","General purpose ESD protection","1","6.60","17.50","10.00","9.00","8.50","30","30","6V - 12V",""
"uClamp0701ZV","DFN1006-2","1.0 x 0.6 x 0.25","Unidirectional","General purpose ESD protection","1","7.30","360.00","25.00","8.50","7.40","30","30","6V - 12V","VBUS"
"uClamp0761ZV","DFN1006-2","1.0 x 0.6 x 0.25","Unidirectional","General purpose ESD protection","1","7.60","336.00","30.00","9.40","7.70","30","30","6V - 12V","VBUS"
"uClamp0801T","DFN1006-2","1.0 x 0.6 x 0.4","Unidirectional","General purpose ESD protection","1","8.00","4.50","1.50","17.00","9.50","15","20","6V - 12V",""
"uClamp0811ZV","DFN1006-2","1.0 x 0.6 x 0.25","Unidirectional","General purpose ESD protection","1","7.90","325.00","25.00","9.60","8.00","30","30","6V - 12V","VBUS"
"uClamp0841ZV","DFN1006-2","1.0 x 0.6 x 0.25","Unidirectional","General purpose ESD protection","1","8.20","300.00","50.00","11.30","8.30","30","30","6V - 12V","VBUS"
"uClamp0871P","DFN1610-2","1.6 x 1.0 x 0.5","Unidirectional","General purpose ESD protection","1","8.00","475.00","65.00","23.00","9.50","30","30","6V - 12V","VBUS"
"uClamp1002P","DFN1006-3","1.0 x 0.6 x 0.5","Array","General purpose ESD protection","2","11.00","80.00","0.00","12.00","17.40","30","30","6V - 12V",""
"uClamp1061P","DFN1608-2","1.6 x 0.8 x 0.5","Unidirectional","General purpose ESD protection","1","10.00","350.00","60.00","25.00","12.00","30","30","6V - 12V","VBUS"
"uClamp1071P","DFN1610-2","1.6 x 1.0 x 0.5","Unidirectional","General purpose ESD protection","1","10.00","350.00","60.00","25.00","12.00","30","30","6V - 12V","VBUS"
"uClamp1201H","SOD523","1.7 x 0.9 x 0.7","Unidirectional","General purpose ESD protection","1","12.00","60.00","8.00","25.00","13.30","15","20","6V - 12V",""
"uClamp1201P","DFN1006-2","1.0 x 0.6 x 0.5","Unidirectional","General purpose ESD protection","1","12.00","60.00","8.00","25.00","13.30","15","20","6V - 12V",""
"uClamp1211P","DFN1006-2","1.0 x 0.6 x 0.5","Bidirectional","General purpose ESD protection","1","12.00","25.00","7.00","28.50","14.20","8","15","6V - 12V",""
"uClamp1211T","DFN1006-2","1.0 x 0.6 x 0.4","Bidirectional","General purpose ESD protection","1","12.00","3.00","1.00","27.00","13.30","12","18","6V - 12V",""
"uClamp1211Z","DFN0603-2","0.6 x 0.3 x 0.25","Bidirectional","General purpose ESD protection","1","12.00","19.00","7.00","25.00","14.20","30","30","6V - 12V",""
"uClamp1221ZA","DFN0603-2","0.6 x 0.3 x 0.25","Bidirectional","General purpose ESD protection","1","12.00","23.50","15.00","19.00","13.00","30","30","6V - 12V",""
"uClamp1261P","DFN1608-2","1.6 x 0.8 x 0.5","Unidirectional","General purpose ESD protection","1","12.00","275.00","45.00","33.00","14.00","30","30","6V - 12V","VBUS"
"uClamp1271P","DFN1610-2","1.6 x 1.0 x 0.5","Unidirectional","General purpose ESD protection","1","12.00","275.00","45.00","30.00","14.00","30","30","6V - 12V","VBUS"
"uClamp1281ZV","DFN1006-2","1.0 x 0.6 x 0.25","Bidirectional","General purpose ESD protection","1","12.00","318.00","30.00","28.00","13.20","30","30","6V - 12V","VBUS"
"uClamp1291PW","DFN1006-2","1.0 x 0.6 x 0.5","Unidirectional","General purpose ESD protection","1","12.00","75.00","10.00","20.80","13.30","30","30","6V - 12V",""
"uClamp1291ZA","DFN0603-2","0.6 x 0.3 x 0.25","Unidirectional","General purpose ESD protection","1","12.00","75.00","10.00","21.00","13.30","15","20","6V - 12V",""
"uClamp1291ZV","DFN1006-2","1.0 x 0.6 x 0.25","Unidirectional","General purpose ESD protection","1","12.00","344.00","30.00","21.50","12.70","30","30","6V - 12V","VBUS"
"uClamp1301ZV","DFN1006-2","1.0 x 0.6 x 0.25","Unidirectional","General purpose ESD protection","1","13.00","200.00","28.00","18.00","13.50","30","30","13V - 33V","VBUS"
"uClamp1501ZV","DFN1006-2","1.0 x 0.6 x 0.25","Unidirectional","General purpose ESD protection","1","15.00","205.00","25.00","18.50","16.50","30","30","13V - 33V","VBUS"
"uClamp1502P","DFN1006-3","1.0 x 0.6 x 0.5","Unidirectional","General purpose ESD protection","2","15.00","3.60","12.00","27.50","16.50","30","30","13V - 33V","USB, VBUS"
"uClamp1511ZB","DFN0603-2","0.6 x 0.3 x 0.25","Bidirectional","General purpose ESD protection","1","15.00","15.00","4.00","24.50","16.50","30","30","13V - 33V",""
"uClamp1511ZV","DFN1006-2","1.0 x 0.6 x 0.25","Bidirectional","General purpose ESD protection","1","15.00","60.00","30.00","22.00","17.00","30","30","13V - 33V","VBUS"
"uClamp1521ZV","DFN1006-2","1.0 x 0.6 x 0.25","Bidirectional","General purpose ESD protection","1","15.00","85.00","18.00","22.00","15.50","30","30","13V - 33V","VBUS"
"uClamp1561P","DFN1608-2","1.6 x 0.8 x 0.5","Unidirectional","General purpose ESD protection","1","15.00","220.00","40.00","40.00","17.50","30","30","13V - 33V","VBUS"
"uClamp1571P","DFN1610-2","1.6 x 1.0 x 0.5","Unidirectional","General purpose ESD protection","1","15.00","220.00","40.00","40.00","17.50","30","30","13V - 33V","VBUS"
"uClamp1871P","DFN1610-2","1.6 x 1.0 x 0.5","Unidirectional","General purpose ESD protection","1","18.00","225.00","35.00","45.00","20.00","30","30","13V - 33V","VBUS"
"uClamp2001ZA","DFN0603-2","0.6 x 0.3 x 0.25","Unidirectional","General purpose ESD protection","1","20.00","18.00","8.00","35.00","22.00","20","20","13V - 33V","USB"
"uClamp2011PW","DFN1006-2","1.0 x 0.6 x 0.5","Bidirectional","General purpose ESD protection","1","20.00","10.00","3.00","35.00","22.00","22","27","13V - 33V",""
"uClamp2011ZA","DFN0603-2","0.6 x 0.3 x 0.25","Bidirectional","General purpose ESD protection","1","20.00","10.00","3.00","33.80","22.00","22","30","13V - 33V",""
"uClamp2011ZV","DFN1006-2","1.0 x 0.6 x 0.25","Bidirectional","General purpose ESD protection","1","20.00","50.00","30.00","29.00","22.00","30","30","13V - 33V","VBUS"
"uClamp2101T","DFN1006-2","1.0 x 0.6 x 0.4","Unidirectional","General purpose ESD protection","1","2.10","36.00","13.00","4.30","2.20","20","30","1V - 3.6V",""
"uClamp2221ZV","DFN1006-2","1.0 x 0.6 x 0.25","Bidirectional","General purpose ESD protection","1","22.00","58.00","14.00","36.00","22.40","30","30","13V - 33V","VBUS"
"uClamp2271P","DFN1610-2","1.6 x 1.0 x 0.5","Unidirectional","General purpose ESD protection","1","22.00","165.00","25.00","55.00","25.50","30","30","13V - 33V","VBUS"
"uClamp2401T","DFN1006-2","1.0 x 0.6 x 0.4","Unidirectional","General purpose ESD protection","1","24.00","27.00","3.00","50.00","27.00","30","30","13V - 33V",""
"uClamp2411PW","DFN1006-2","1.0 x 0.6 x 0.5","Bidirectional","General purpose ESD protection","1","24.00","8.50","3.00","38.40","27.00","17","20","13V - 33V",""
"uClamp2411ZA","DFN0603-2","0.6 x 0.3 x 0.25","Bidirectional","General purpose ESD protection","1","24.00","9.00","3.00","45.00","27.00","17","20","13V - 33V",""
"uClamp2424PWQ","DFN2510-10","2.5 x 1.0 x 0.55","Array","Automotive","4","24.00","15.00","5.00","44.00","26.50","30","30","13V - 33V",""
"uClamp2461P","DFN1608-2","1.6 x 0.8 x 0.5","Unidirectional","General purpose ESD protection","1","24.00","165.00","23.00","65.00","27.00","30","30","13V - 33V","VBUS"
"uClamp2482PWQ","DFN1308-3","1.3 x 0.8 x 0.55","Array","Automotive","2","24.00","15.00","5.00","43.40","26.50","30","30","13V - 33V",""
"uClamp2501T","DFN1006-2","1.0 x 0.6 x 0.4","Unidirectional","General purpose ESD protection","1","2.50","14.00","5.00","7.50","2.70","15","20","1V - 3.6V",""
"uClamp2501ZA","DFN0603-2","0.6 x 0.3 x 0.25","Unidirectional","General purpose ESD protection","1","2.50","3.70","8.00","7.50","3.00","22","25","1V - 3.6V",""
"uClamp2511T","DFN1006-2","1.0 x 0.6 x 0.4","Bidirectional","General purpose ESD protection","1","2.50","6.00","5.00","8.00","2.70","15","20","1V - 3.6V",""
"uClamp2512T","DFN2010-8","2.0 x 1.0 x 0.4","Bidirectional","General purpose ESD protection","2","2.50","4.50","10.00","10.20","2.70","30","30","1V - 3.6V",""
"uClamp2522T","DFN2010-8","2.0 x 1.0 x 0.4","Array","General purpose ESD protection","4","2.50","5.40","16.00","7.00","3.50","30","30","1V - 3.6V",""
"uClamp2611ZA","DFN0603-2","0.6 x 0.3 x 0.25","Bidirectional","General purpose ESD protection","1","26.00","9.00","3.00","44.00","28.00","24","30","13V - 33V",""
"uClamp2671P","DFN1610-2","1.6 x 1.0 x 0.5","Unidirectional","General purpose ESD protection","1","26.00","155.00","23.00","65.00","29.00","30","30","13V - 33V","VBUS"
"uClamp2801T","DFN1006-2","1.0 x 0.6 x 0.4","Unidirectional","General purpose ESD protection","1","28.00","25.00","4.00","60.00","32.00","15","20","13V - 33V",""
"uClamp2804L","SO-8 (SOIC-8)","6.0 x 5.0 x 1.75","Bidirectional","General purpose ESD protection","4","2.80","4.50","10.00","10.00","3.50","30","30","1V - 3.6V","Ethernet"
"uClamp3061P","DFN1608-2","1.6 x 0.8 x 0.5","Unidirectional","General purpose ESD protection","1","30.00","155.00","18.00","65.00","34.00","30","30","13V - 33V","VBUS"
"uClamp3301D","SOD323","2.72 x 1.37 x 1.17","Bidirectional","General purpose ESD protection","1","3.30","50.00","10.00","9.50","3.50","30","30","1V - 3.6V","Ethernet"
"uClamp3301H","SOD523","1.7 x 0.9 x 0.7","Bidirectional","General purpose ESD protection","1","3.30","14.00","5.00","8.00","3.50","30","30","1V - 3.6V",""
"uClamp3301P","DFN1006-2","1.0 x 0.6 x 0.5","Unidirectional","General purpose ESD protection","1","3.30","14.00","5.00","8.00","3.50","15","20","1V - 3.6V",""
"uClamp3304A","SOT 89 (SOT 666)","1.7 x 1.7 x 0.6","Unidirectional","General purpose ESD protection","4","3.30","14.00","5.00","8.00","3.50","15","20","1V - 3.6V",""
"uClamp3305P","DFN1616-6","1.6 x 1.6 x 0.6","Unidirectional","General purpose ESD protection","5","3.30","7.50","5.00","8.00","3.50","15","20","1V - 3.6V",""
"uClamp3306P","DFN1616-6","1.6 x 1.6 x 0.6","Unidirectional","General purpose ESD protection","6","3.30","7.50","5.00","8.00","3.30","15","20","1V - 3.6V",""
"uClamp3311P","DFN1006-2","1.0 x 0.6 x 0.5","Bidirectional","General purpose ESD protection","1","3.30","10.00","5.00","18.00","3.50","20","25","1V - 3.6V",""
"uClamp3311PQ","DFN1006-2","1.0 x 0.6 x 0.5","Bidirectional","Automotive","1","3.30","10.00","5.00","18.00","3.50","20","25","1V - 3.6V",""
"uClamp3311T","DFN1006-2","1.0 x 0.6 x 0.4","Bidirectional","General purpose ESD protection","1","3.30","5.00","5.00","8.00","3.50","30","30","1V - 3.6V",""
"uClamp3311Z2C","DFN0402-2","0.43 x 0.23 x 0.15","Bidirectional","General purpose ESD protection","1","3.30","3.30","4.00","7.00","3.68","20","25","1V - 3.6V",""
"uClamp3311ZV","DFN1006-2","1.0 x 0.6 x 0.25","Bidirectional","General purpose ESD protection","1","3.30","81.00","80.00","6.20","3.80","30","30","1V - 3.6V","VBUS"
"uClamp3312T","DFN2010-8","2.0 x 1.0 x 0.4","Bidirectional","General purpose ESD protection","2","3.30","5.00","10.00","11.00","3.50","30","30","1V - 3.6V",""
"uClamp3321ZA","DFN0603-2","0.6 x 0.3 x 0.25","Bidirectional","General purpose ESD protection","1","3.30","4.20","4.00","8.50","3.70","30","30","1V - 3.6V",""
"uClamp3324P","DFN2116-8","2.1 x 1.6 x 0.58","Unidirectional","General purpose ESD protection","4","3.30","14.00","5.00","8.00","3.50","15","20","1V - 3.6V",""
"uClamp3331ZA","DFN0603-2","0.6 x 0.3 x 0.25","Bidirectional","General purpose ESD protection","1","3.30","16.50","5.00","10.00","3.90","30","30","1V - 3.6V",""
"uClamp3341ZA","DFN0603-2","0.6 x 0.3 x 0.25","Bidirectional","General purpose ESD protection","1","3.30","9.20","10.00","5.00","3.65","30","30","1V - 3.6V",""
"uClamp3351ZA","DFN0603-2","0.6 x 0.3 x 0.25","Bidirectional","General purpose ESD protection","1","3.30","5.00","6.00","5.00","3.80","20","30","1V - 3.6V",""
"uClamp3381P","DFN1006-2","1.0 x 0.6 x 0.5","Bidirectional","General purpose ESD protection","1","3.30","30.00","25.00","11.50","4.50","30","30","1V - 3.6V","VBUS"
"uClamp3601P","DFN1006-2","1.0 x 0.6 x 0.5","Bidirectional","General purpose ESD protection","1","33.00","25.00","2.00","60.00","36.00","15","20","13V - 33V",""
"uClamp3603T","DFN1710-6","1.7 x 1.0 x 0.4","Unidirectional","General purpose ESD protection","3","36.00","25.00","3.00","75.00","37.00","15","20","36V - 58V",""
"uClamp3612S","SOT23-3","3.0 x 2.5 x 1.1","Unidirectional","General purpose ESD protection","2","33.00","108.00","16.00","62.00","36.00","30","30","13V - 33V","VBUS"
"uClamp3661P","DFN1608-2","1.6 x 0.8 x 0.5","Unidirectional","General purpose ESD protection","1","36.00","150.00","18.00","70.00","37.00","30","30","36V - 58V","VBUS"
"uClamp3671P","DFN1610-2","1.6 x 1.0 x 0.5","Unidirectional","General purpose ESD protection","1","36.00","150.00","18.00","80.00","37.00","30","30","36V - 58V","VBUS"
"uClamp3673P","DFN3016-6","3.0 x 1.6 x 0.57","Unidirectional","General purpose ESD protection","3","36.00","106.00","18.00","70.00","37.00","30","30","36V - 58V",""
"uClamp4014P","DFN2510-10","2.5 x 1.0 x 0.6","Array","General purpose ESD protection","4","40.00","5.00","3.00","75.00","42.00","18","20","36V - 58V",""
"uClamp4024P","DFN2510-10","2.5 x 1.0 x 0.55","Array","General purpose ESD protection","4","40.00","11.00","5.00","75.00","42.00","30","30","36V - 58V",""
"uClamp4061P","DFN1608-2","1.6 x 0.8 x 0.5","Unidirectional","General purpose ESD protection","1","40.00","125.00","12.00","80.00","45.00","30","30","36V - 58V","VBUS"
"uClamp5011Z2C","DFN0402-2","0.43 x 0.23 x 0.15","Bidirectional","General purpose ESD protection","1","5.00","3.50","2.00","12.00","6.50","15","15","4V - 5.5V",""
"uClamp5011ZA","DFN0603-2","0.6 x 0.3 x 0.25","Bidirectional","General purpose ESD protection","1","5.00","4.20","2.50","12.00","6.50","15","18","4V - 5.5V",""
"uClamp5031PW","DFN1006-2","1.0 x 0.6 x 0.5","Bidirectional","General purpose ESD protection","1","5.00","10.90","7.50","9.20","6.00","30","30","4V - 5.5V",""
"uClamp5031Z2C","DFN0402-2","0.43 x 0.23 x 0.15","Bidirectional","General purpose ESD protection","1","5.00","4.50","2.50","11.00","6.00","15","18","4V - 5.5V",""
"uClamp5031ZA","DFN0603-2","0.6 x 0.3 x 0.25","Bidirectional","General purpose ESD protection","1","5.00","10.50","7.50","11.00","6.00","30","30","4V - 5.5V",""
"uClamp5041Z2C","DFN0402-2","0.43 x 0.23 x 0.15","Bidirectional","General purpose ESD protection","1","5.00","11.80","5.00","9.00","6.00","30","30","4V - 5.5V",""
"uClamp5501ZV","DFN1006-2","1.0 x 0.6 x 0.25","Unidirectional","General purpose ESD protection","1","5.50","445.00","60.00","8.80","5.80","30","30","4V - 5.5V","VBUS"
"uClamp5581P","DFN1006-2","1.0 x 0.6 x 0.5","Bidirectional","General purpose ESD protection","1","5.50","40.00","20.00","11.50","6.00","20","20","4V - 5.5V","VBUS"
"uClamp5612T","DFN1508-5","1.5 x 0.8 x 0.4","Array","General purpose ESD protection","2","5.00","50.00","10.00","12.50","6.50","30","30","4V - 5.5V",""
"uClamp6061P","DFN1608-2","1.6 x 0.8 x 0.5","Unidirectional","General purpose ESD protection","1","60.00","110.00","8.00","105.00","65.00","30","30","60V+","VBUS"
"uClamp6511T","DFN1006-2","1.0 x 0.6 x 0.4","Bidirectional","General purpose ESD protection","1","60.00","8.40","2.00","105.00","65.00","10","15","60V+",""
"uClamp6514P","DFN2510-10","1.6 x 1.6 x 0.58","Array","General purpose ESD protection","4","60.00","8.50","2.00","105.00","65.00","8","17","60V+",""
"uClamp6524P","DFN2510-10","2.5 x 1.0 x 0.55","Array","General purpose ESD protection","4","60.00","8.00","4.00","105.00","65.00","30","30","60V+",""